"gene","p_val","avg_log2FC","pct.1","pct.2","p_val_adj"
"IGFBP2",1.63498683780945e-95,0.947554639979579,0.428,0.248,4.1675814495763e-91
"APOE",3.29072492827038e-78,0.916028729243495,0.964,0.94,8.38805784216119e-74
"SERPING1",2.16556683523475e-223,0.840160110193774,0.931,0.757,5.52002986301338e-219
"CES1",2.87823556074812e-66,0.728476088404992,0.803,0.678,7.33662244434695e-62
"HP",3.36772100149509e-161,0.692482491959792,0.397,0.108,8.58432083281099e-157
"CFD",2.39137632240819e-94,0.678546994750792,0.865,0.773,6.09561824581848e-90
"FABP4",7.52362139449457e-36,0.647659415675831,0.992,0.983,1.91777109345667e-31
"NUPR1",1.42716715123527e-49,0.587274095502958,0.855,0.77,3.63784906849869e-45
"APOC1",2.53527118287589e-73,0.580535294420184,1,1,6.46240624515064e-69
"CTSL",1.51086309956879e-22,0.579910457091354,0.985,0.978,3.85119004080084e-18
"LSP1",2.30629724196932e-86,0.563728887545319,0.639,0.428,5.8787516697798e-82
"HLA-DRB5",3.34230854134296e-26,0.559409634239628,0.845,0.896,8.51954447188321e-22
"HLA-DQB1",5.64934699682216e-55,0.548997694193386,0.985,0.987,1.44001854948997e-50
"TRHDE",1.56579042328375e-65,0.533931013740055,0.471,0.258,3.99119978895029e-61
"GCHFR",3.62514826473798e-67,0.525702849470974,0.961,0.92,9.2405029268171e-63
"LYZ",4.70714682731509e-53,0.503965997682259,1,1,1.19985172628262e-48
"AC026369.3",1.00535122653567e-65,0.491947127829927,0.847,0.754,2.56264027643942e-61
"ARL17B",3.57418991754852e-138,0.479947008277144,0.351,0.094,9.11061009983117e-134
"C9orf16",7.2069800353958e-75,0.476267377198712,0.832,0.738,1.83705921102239e-70
"ABCG1",6.76920809716613e-67,0.472762246474544,0.963,0.924,1.72547114396765e-62
"CAMP",2.02402519586354e-41,0.471875691421055,0.331,0.185,5.15924022425615e-37
"NMB",1.37232033679638e-29,0.455852001599508,0.436,0.318,3.49804453849396e-25
"ISG15",4.93283827186915e-19,0.439500363148704,0.617,0.658,1.25738047549945e-14
"LAMP1",1.28660666206349e-77,0.433579805851787,0.917,0.868,3.27956038159983e-73
"CD63",5.5861417783127e-30,0.430776297448224,1,0.997,1.42390753929191e-25
"ANO5",3.31118526551463e-31,0.42856022437269,0.693,0.571,8.4402112417968e-27
"PHLDA3",4.19910926338266e-57,0.423838932687227,0.651,0.529,1.07035295123624e-52
"TTC39B",1.63200739469284e-34,0.422224035831119,0.727,0.625,4.15998684907205e-30
"DENND4C",4.88877024466017e-52,0.42209163714754,0.951,0.89,1.24614753536388e-47
"BSG",1.07353890055663e-66,0.40497497054152,0.817,0.713,2.73645065751885e-62
"C8B",3.70334913582308e-61,0.399410492932282,0.291,0.122,9.43983694721302e-57
"CYBA",7.26202222801998e-18,0.391358872602106,0.996,0.997,1.85108946592229e-13
"HLA-C",1.10680523751428e-61,0.390055345928953,1,0.999,2.82124655042389e-57
"CD82",9.35752612594591e-54,0.388212657373957,0.604,0.501,2.38523340950361e-49
"NRP1",2.18426781350645e-24,0.387218388627968,0.797,0.775,5.56769865662795e-20
"KANSL1",6.670571071982e-55,0.386555199137541,0.856,0.811,1.70032856624821e-50
"ALG9",4.97289804115447e-36,0.383844482163187,0.492,0.389,1.26759171069028e-31
"PLD3",5.87086029227525e-43,0.38119925423492,0.709,0.627,1.49648228850096e-38
"SIK2",1.69864841459922e-28,0.379821049329993,0.793,0.72,4.32985480881342e-24
"OASL",1.31845328434443e-36,0.377167684061277,0.646,0.55,3.36073742179396e-32
"AKR1C3",1.07405719788035e-41,0.375703943337901,0.465,0.311,2.73777179739701e-37
"TYROBP",2.36224117835242e-30,0.368377279065442,1,1,6.02135276362032e-26
"PPDPF",1.17192289900335e-33,0.363991156514168,0.913,0.917,2.98723146955955e-29
"TDRD3",2.15285870180158e-40,0.361300178973248,0.471,0.332,5.48763683089223e-36
"BRI3",1.57431185354418e-32,0.358554124228478,0.996,0.998,4.01292091468411e-28
"LMNA",1.3313806794642e-18,0.35739690007486,0.898,0.862,3.39368935195425e-14
"HLA-DQA1",3.25695481715387e-29,0.356396214872288,0.965,0.979,8.30197782892521e-25
"SH3BGRL3",8.21423803100688e-44,0.356236307784498,1,0.999,2.09380927410365e-39
"COLEC12",3.17403155660522e-23,0.352403694696419,0.502,0.412,8.09060643778672e-19
"CYB5A",1.57937583217134e-37,0.341987807441396,0.816,0.757,4.02582899620475e-33
"MIF",3.29974277096719e-30,0.339830324994919,0.9,0.889,8.41104432319536e-26
"ADCY3",5.29097140683187e-49,0.337661531818012,0.344,0.195,1.34866861160144e-44
"CD68",1.49215691255635e-16,0.3363167768843,0.991,0.996,3.80350797010612e-12
"AOC3",6.6241773486137e-50,0.334756406838932,0.413,0.242,1.68850280616163e-45
"DISP1",9.44796902835561e-29,0.331839248946424,0.602,0.483,2.40828730532784e-24
"RETREG1",5.24808903128229e-18,0.330522509206575,0.654,0.57,1.33773789407386e-13
"SLC7A8",4.74417379047373e-36,0.322848426097718,0.471,0.339,1.20928989919175e-31
"JPT1",3.35769527845752e-35,0.319515467156547,0.873,0.825,8.55876526478823e-31
"ACP5",7.99319554284393e-21,0.31872307269222,0.959,0.946,2.03746554387092e-16
"CLIC1",5.22024893953221e-14,0.31760966731783,0.958,0.966,1.33064145468676e-09
"ANXA11",6.11951408966224e-41,0.316889829094781,0.721,0.626,1.55986414145491e-36
"LIMA1",6.41280347426802e-32,0.314044783935823,0.728,0.638,1.63462360559092e-27
"SCD",4.43328617735321e-32,0.313728691959261,0.97,0.948,1.13004464660733e-27
"CST3",4.66561787977909e-34,0.313666662402531,0.999,0.998,1.18926599755569e-29
"CTSD",5.16828050273492e-21,0.312550410431066,1,1,1.31739470014713e-16
"GUK1",2.42863654322593e-34,0.310274685666021,0.794,0.749,6.19059454868289e-30
"CYP27A1",2.97073832428255e-28,0.307189500896557,0.969,0.955,7.57241198859622e-24
"KANSL1-AS1",1.36121646700039e-70,0.303530201304727,0.301,0.13,3.469740774384e-66
"FBN1",3.02957898194183e-50,0.300984061404322,0.143,0.038,7.72239682496972e-46
"S100A6",1.17310811261918e-06,0.300436147589715,1,1,0.0299025257906628
"GPX4",1.01852859893637e-17,0.296161002807598,0.981,0.979,2.59622939868882e-13
"ANPEP",8.13363557300624e-26,0.295309009660328,0.653,0.677,2.07326370755929e-21
"PLIN2",2.51919458925223e-16,0.293779860899447,0.966,0.965,6.42142700800393e-12
"HLA-B",8.40086278065459e-20,0.293750961184193,1,1,2.14137992278885e-15
"POLR2L",1.24539937823076e-33,0.291950261952942,0.879,0.848,3.1745230151102e-29
"MMP24OS",1.11344464814099e-40,0.291576055931218,0.608,0.492,2.83817040811138e-36
"AC011586.2",3.62589023475171e-28,0.290829893964326,0.759,0.632,9.24239420838211e-24
"AGPAT2",1.75211285367426e-40,0.290092746471852,0.521,0.408,4.4661356640157e-36
"TBC1D2",1.41164524496836e-32,0.28579135886185,0.608,0.507,3.59828372942435e-28
"KCNMA1",7.93668704945312e-19,0.285132989707354,0.575,0.593,2.0230615289056e-14
"APBB2",2.47759498219242e-33,0.284971702427451,0.419,0.27,6.31538960960848e-29
"S100A11",6.67725975750311e-09,0.281895849805813,1,1,0.000170203351218754
"CD59",1.14342341803802e-21,0.280074944027554,0.782,0.746,2.91458629257891e-17
"RMDN3",4.06750203417109e-29,0.278872375216242,0.849,0.779,1.03680626851021e-24
"ATP6V1F",9.02304845172311e-16,0.278527119413973,0.95,0.951,2.29997505034422e-11
"ACTN4",1.41683993899971e-33,0.27785619478395,0.752,0.664,3.61152500451026e-29
"EFHD2",2.17084342923755e-22,0.271181302672109,0.919,0.935,5.5334799011265e-18
"BLOC1S1",1.42845836549784e-25,0.27113679284229,0.839,0.818,3.64114037365398e-21
"PSME4",3.49107246881369e-14,0.270104971286178,0.815,0.767,8.8987437230061e-10
"SDSL",2.91646721424112e-37,0.269052022939508,0.334,0.247,7.43407492910061e-33
"TMBIM1",5.17536717780411e-24,0.268714518034304,0.675,0.597,1.31920109362227e-19
"FAM162A",2.49716106447778e-28,0.268588373793265,0.562,0.455,6.36526355335386e-24
"SERF2",1.12336143309021e-16,0.268392299523979,1,0.999,2.86344829294694e-12
"VGLL3",2.82822943110009e-34,0.266540428592188,0.208,0.094,7.20915681987414e-30
"SPOCD1",5.71758260418251e-30,0.265428379334594,0.333,0.207,1.45741180580612e-25
"LPCAT3",2.98399198891813e-30,0.262042637574799,0.531,0.419,7.60619557975233e-26
"FTL",1.1378847559367e-28,0.259231906489232,1,1,2.90046824288264e-24
"NDUFA13",1.03664896080383e-20,0.258864830786748,0.919,0.909,2.64241820108896e-16
"RSAD2",2.17555424085471e-10,0.258547530890398,0.211,0.187,5.54548775993866e-06
"AKR1C2",3.68979483378867e-37,0.258109422726995,0.2,0.088,9.40528703132732e-33
"PSMB9",1.13700058015095e-23,0.256222382066464,0.607,0.535,2.89821447880476e-19
"EPB41L1",1.97090607526474e-19,0.256059898749155,0.518,0.439,5.02383958584982e-15
"SEPTIN9",1.67044643787997e-19,0.255408963601308,0.845,0.815,4.25796797015604e-15
"ABCG2",3.0982405112538e-21,0.254847881767019,0.438,0.344,7.89741506318595e-17
"GLIPR2",2.53938946662671e-17,0.254579348602778,0.954,0.947,6.47290375043149e-13
"ITIH5",1.02929460012594e-22,0.254494010876322,0.415,0.297,2.62367193572102e-18
"ACYP2",1.6567625907119e-16,0.254244665589298,0.8,0.723,4.22308784372464e-12
"ZBTB7C",1.18854866578063e-20,0.25138326538859,0.367,0.253,3.02961054907482e-16
